{
    "custom_cnn": {
        "Accuracy": 0.9428531507614922,
        "Precision": 0.028503562945368172,
        "Recall": 0.028503562945368172,
        "F1 Score": 0.028503562945368172,
        "TP": 48,
        "TN": 53936,
        "FP": 1636,
        "FN": 1636
    },

    "vgg16": {
        "Accuracy": 0.9427483582506637,
        "Precision": 0.02672209026128266,
        "Recall": 0.02672209026128266,
        "F1 Score": 0.02672209026128266,
        "TP": 45,
        "FP": 1639,
        "FN": 1639,
        "TN": 53933
    },

    "resnet50": {
        "Accuracy": 0.9428880815984351,
        "Precision": 0.029097387173396674,
        "Recall": 0.029097387173396674,
        "F1 Score": 0.029097387173396674,
        "TP": 49,
        "FP": 1635,
        "FN": 1635,
        "TN": 53937
    }
}